Region,Country
Middle East,Bahrain
Middle East,Iran
Middle East,Iraq
Middle East,Israel
Middle East,Jordan
Middle East,Kuwait
Middle East,Lebanon
Middle East,Oman
Middle East,Palestine
Middle East,Qatar
Middle East,Saudi Arabia
Middle East,Syria
Middle East,Turkey
Middle East,United Arab Emirates
Middle East,Yemen
Middle East,Cyprus
Northern Africa,Sudan
Northern Africa,Libya
Northern Africa,Egypt
Northern Africa,Algeria
Northern Africa,Tunisia
Northern Africa,Morocco
Northern Africa,Mauritania
Northern Africa,Senegal
Northern Africa,Sierra Leone
Northern Africa,Liberia
Northern Africa,Ghana
Northern Africa,Burkina Faso
Northern Africa,Togo
Northern Africa,Benin
Northern Africa,Niger
Northern Africa,Chad
Northern Africa,Guinea
Northern Africa,Mali
Northern Africa,Nigeria
Southern Africa,Cameroon
Southern Africa,Gabon
Southern Africa,Botswana
Southern Africa,South Africa
Southern Africa,Zimbabwe
Southern Africa,Zambia
Southern Africa,Malawi
Southern Africa,Tanzania
Southern Africa,Burundi
Southern Africa,Rwanda
Southern Africa,Ethiopia
Southern Africa,Uganda
Southern Africa,Kenya
Southern Africa,Madagascar
Southern Africa,Mauritius
East Asia,China
East Asia,Japan
East Asia,South Korea
East Asia,North Korea
East Asia,Taiwan
East Asia,Hong Kong
East Asia,Macao
Southeast Asia,Philippines
Southeast Asia,Vietnam
Southeast Asia,Thailand
Southeast Asia,Myanmar
Southeast Asia,Malaysia
Southeast Asia,Cambodia
Southeast Asia,Laos
Southeast Asia,Singapore
Southeast Asia,Brunei
Southeast Asia,Indonesia
South Asia,India
South Asia,Pakistan
South Asia,Bangladesh
South Asia,Afghanistan
South Asia,Nepal
South Asia,Bhutan
South Asia,Sri Lanka
South Asia,Maldives
Central Asia,Mongolia
Central Asia,Tajikistan
Central Asia,Turkmenistan
Central Asia,Uzbekistan
Central Asia,Kazakhstan
Central Asia,Azerbaijan
Central Asia,Georgia
Central Asia,Armenia
Central Asia,Kyrgyzstan
Northern Europe,Sweden
Northern Europe,Denmark
Northern Europe,Finland
Northern Europe,Norway
Northern Europe,Lithuania
Northern Europe,Latvia
Northern Europe,Estonia
Northern Europe,Iceland
Western Europe,Germany
Western Europe,United Kingdom
Western Europe,France
Western Europe,Netherlands
Western Europe,Belgium
Western Europe,Austria
Western Europe,Switzerland
Western Europe,Ireland
Western Europe,Luxembourg
Western Europe,Liechtenstein
Eastern Europe,Russia
Eastern Europe,Ukraine
Eastern Europe,Poland
Eastern Europe,Romania
Eastern Europe,Hungary
Eastern Europe,Belarus
Eastern Europe,Serbia
Eastern Europe,Slovakia
Eastern Europe,Moldova
Eastern Europe,Bosnia and Herzegovina
Eastern Europe,Slovenia
Eastern Europe,Kosovo
Southern Europe,Italy
Southern Europe,Spain
Southern Europe,Greece
Southern Europe,Portugal
Southern Europe,Bulgaria
Southern Europe,Croatia
Southern Europe,Albania
Southern Europe,North Macedonia
Southern Europe,Montenegro
Southern Europe,Malta
Southern Europe,Andorra
Southern Europe,Monaco
Southern Europe,San Marino
Australia,Australia
Australia,New Zealand
North America,United States
North America,Mexico
North America,Canada
Central America,El Salvador
Central America,Guatemala
Central America,Honduras
Central America,Nicaragua
Central America,Costa Rica
Central America,Panama
Central America,Jamaica
Central America,Haiti
Central America,Dominican Republic
Central America,Cuba
South America,Venezuela
South America,Colombia
South America,Ecuador
South America,Peru
South America,Brazil
South America,Bolivia
South America,Paraguay
South America,Chile
South America,Argentina
South America,Uruguay